Rk,Year,Tm,Lg,Wtm,Ltm,tmW-L%,#Bat,R/G,G,PA,AB,R,H,2B,3B,HR,RBI,SB,CS,BB,SO,BA,OBP,SLG,OPS,TB,GDP,HBP,SH,SF,IBB,LOB,OPS+
1,2019,ARI,NL,85,77,0.525,45,5.02,162,6315,5633,813,1419,288,40,220,778,88,14,540,1360,0.252,0.323,0.434,0.757,2447,120,70,31,40,36,1119,94
2,2019,ATL,NL,97,65,0.599,50,5.28,162,6302,5560,855,1432,277,29,249,824,89,28,619,1467,0.258,0.337,0.452,0.789,2514,104,60,25,35,39,1138,97
3,2019,BAL,AL,54,108,0.333,45,4.5,162,6189,5596,729,1379,252,25,213,698,84,30,462,1435,0.246,0.31,0.415,0.725,2320,111,71,22,37,8,1063,92
4,2019,BOS,AL,84,78,0.519,38,5.56,162,6475,5770,901,1554,345,27,245,857,68,30,590,1382,0.269,0.34,0.466,0.806,2688,127,49,20,44,36,1170,107
5,2019,CHC,NL,84,78,0.519,52,5.02,162,6195,5461,814,1378,270,26,256,783,45,24,581,1460,0.252,0.331,0.452,0.783,2468,127,83,30,39,33,1071,103
6,2019,CHW,AL,72,89,0.447,40,4.4,161,6042,5529,708,1443,260,20,182,676,63,28,378,1549,0.261,0.314,0.414,0.728,2289,114,66,36,32,13,1071,92
7,2019,CIN,NL,75,87,0.463,47,4.33,162,6100,5450,701,1328,235,27,227,679,80,38,492,1436,0.244,0.315,0.422,0.737,2298,111,89,30,33,25,1073,84
8,2019,CLE,AL,93,69,0.574,48,4.75,162,6124,5425,769,1354,286,18,223,731,103,35,563,1332,0.25,0.323,0.432,0.756,2345,110,50,40,46,30,1072,94
9,2019,COL,NL,71,91,0.438,50,5.15,162,6288,5660,835,1502,323,41,224,803,71,31,489,1503,0.265,0.326,0.456,0.782,2579,111,43,51,43,25,1075,90
10,2019,DET,AL,47,114,0.292,38,3.61,161,6039,5549,582,1333,292,41,149,556,57,20,391,1595,0.24,0.294,0.388,0.682,2154,108,48,9,42,14,1069,79
11,2019,HOU,AL,107,55,0.66,36,5.68,162,6394,5613,920,1538,323,28,288,891,67,27,645,1166,0.274,0.353,0.496,0.848,2781,146,66,10,57,17,1168,120
12,2019,KCR,AL,59,103,0.364,47,4.27,162,6080,5496,691,1356,281,40,162,655,117,39,456,1405,0.247,0.309,0.401,0.71,2203,113,59,24,42,17,1056,85
13,2019,LAA,AL,72,90,0.444,46,4.75,162,6251,5542,769,1368,268,21,220,734,65,20,586,1276,0.247,0.324,0.422,0.746,2338,143,67,4,42,29,1125,94
14,2019,LAD,NL,106,56,0.654,46,5.47,162,6282,5493,886,1414,302,20,279,861,57,10,607,1356,0.257,0.338,0.472,0.81,2593,100,81,55,45,47,1124,112
15,2019,MIA,NL,57,105,0.352,50,3.8,162,6045,5512,615,1326,265,18,146,593,55,30,395,1469,0.241,0.298,0.375,0.673,2065,139,73,31,33,16,1034,78
16,2019,MIL,NL,89,73,0.549,50,4.75,162,6309,5542,769,1366,279,17,250,744,101,25,629,1563,0.247,0.329,0.438,0.767,2429,120,72,20,38,42,1180,97
17,2019,MIN,AL,101,61,0.623,39,5.8,162,6392,5732,939,1547,318,23,307,906,28,21,525,1334,0.27,0.338,0.494,0.832,2832,101,81,10,41,21,1115,119
18,2019,NYM,NL,86,76,0.531,53,4.88,162,6290,5624,791,1445,280,17,242,767,56,27,516,1384,0.257,0.328,0.442,0.77,2485,129,95,28,27,34,1128,104
19,2019,NYY,AL,103,59,0.636,39,5.82,162,6245,5583,943,1493,290,17,306,904,55,22,569,1437,0.267,0.339,0.49,0.829,2735,113,49,10,33,18,1039,117
20,2019,OAK,AL,97,65,0.599,39,5.22,162,6269,5561,845,1384,292,23,257,800,49,21,578,1338,0.249,0.327,0.448,0.776,2493,140,87,7,36,17,1081,109
21,2019,PHI,NL,81,81,0.5,56,4.78,162,6261,5571,774,1369,311,26,215,742,78,18,562,1453,0.246,0.319,0.427,0.746,2377,97,57,34,34,47,1129,92
22,2019,PIT,NL,69,93,0.426,54,4.68,162,6228,5657,758,1497,315,38,163,722,64,29,425,1213,0.265,0.321,0.42,0.741,2377,119,63,47,34,41,1103,93
23,2019,SDP,NL,70,92,0.432,54,4.21,162,6019,5391,682,1281,224,24,219,652,70,37,504,1581,0.238,0.308,0.41,0.718,2210,120,55,37,31,19,1008,90
24,2019,SEA,AL,68,94,0.42,51,4.68,162,6199,5500,758,1305,254,28,239,730,115,47,588,1581,0.237,0.316,0.424,0.74,2332,83,58,14,37,7,1080,99
25,2019,SFG,NL,77,85,0.475,64,4.19,162,6170,5579,678,1332,300,26,167,655,47,28,475,1435,0.239,0.302,0.392,0.694,2185,111,50,24,42,26,1069,83
26,2019,STL,NL,91,71,0.562,43,4.72,162,6167,5449,764,1336,246,24,210,714,116,29,561,1420,0.245,0.322,0.415,0.737,2260,110,76,40,39,15,1107,95
27,2019,TBR,AL,96,66,0.593,48,4.75,162,6285,5628,769,1427,291,29,217,730,94,37,542,1493,0.254,0.325,0.431,0.757,2427,114,73,8,34,20,1130,103
28,2019,TEX,AL,78,84,0.481,39,5,162,6204,5540,810,1374,296,24,223,765,131,38,534,1578,0.248,0.319,0.431,0.75,2387,98,67,17,44,18,1066,88
29,2019,TOR,AL,67,95,0.414,47,4.48,162,6091,5493,726,1299,270,21,247,697,51,20,509,1514,0.237,0.305,0.428,0.733,2352,107,45,14,28,10,1003,94
30,2019,WSN,NL,93,69,0.574,50,5.39,162,6267,5512,873,1460,298,27,231,824,116,29,584,1308,0.265,0.342,0.455,0.796,2505,117,81,48,42,33,1114,105
31,2018,ARI,NL,82,80,0.506,49,4.28,162,6157,5460,693,1283,259,50,176,658,79,25,560,1460,0.235,0.31,0.397,0.707,2170,110,52,38,45,36,1086,86
32,2018,ATL,NL,90,72,0.556,58,4.69,162,6251,5582,759,1433,314,29,175,717,90,36,511,1290,0.257,0.324,0.417,0.742,2330,99,66,49,43,53,1143,98
33,2018,BAL,AL,47,115,0.29,45,3.84,162,6034,5507,622,1317,242,15,188,593,81,22,422,1412,0.239,0.298,0.391,0.689,2153,132,57,13,35,19,1027,89
34,2018,BOS,AL,108,54,0.667,40,5.41,162,6302,5623,876,1509,355,31,208,829,125,31,569,1253,0.268,0.339,0.454,0.792,2550,130,55,7,48,38,1124,112
35,2018,CHC,NL,95,68,0.583,50,4.67,163,6369,5624,761,1453,286,34,167,722,66,38,576,1388,0.258,0.333,0.41,0.744,2308,107,78,40,46,67,1224,97
36,2018,CHW,AL,62,100,0.383,38,4.05,162,6071,5523,656,1332,259,40,182,639,98,41,425,1594,0.241,0.302,0.401,0.703,2217,99,66,24,32,18,1050,93
37,2018,CIN,NL,67,95,0.414,53,4.3,162,6240,5532,696,1404,251,25,172,665,77,33,559,1376,0.254,0.328,0.402,0.729,2221,128,65,49,35,35,1179,95
38,2018,CLE,AL,91,71,0.562,41,5.05,162,6300,5595,818,1447,297,19,216,786,135,36,554,1189,0.259,0.332,0.434,0.766,2430,98,80,25,44,32,1147,106
39,2018,COL,NL,91,72,0.558,41,4.79,163,6178,5541,780,1418,280,42,210,748,95,33,507,1397,0.256,0.322,0.435,0.757,2412,114,51,42,37,38,1067,90
40,2018,DET,AL,64,98,0.395,43,3.89,162,6029,5494,630,1326,284,35,135,597,70,30,428,1341,0.241,0.3,0.38,0.68,2085,110,52,15,40,18,1071,83
41,2018,HOU,AL,103,59,0.636,36,4.92,162,6146,5453,797,1390,278,18,205,763,71,26,565,1197,0.255,0.329,0.425,0.755,2319,156,61,14,45,19,1052,106
42,2018,KCR,AL,58,104,0.358,41,3.94,162,6063,5505,638,1350,283,29,155,606,117,38,427,1310,0.245,0.305,0.392,0.697,2156,123,67,24,40,13,1063,90
43,2018,LAA,AL,80,82,0.494,44,4.45,162,6108,5472,721,1323,249,23,214,690,89,22,514,1300,0.242,0.313,0.413,0.726,2260,111,73,7,39,38,1071,99
44,2018,LAD,NL,92,71,0.564,52,4.93,163,6358,5572,804,1394,296,33,235,756,75,24,647,1436,0.25,0.333,0.442,0.774,2461,119,61,39,39,47,1163,109
45,2018,MIA,NL,63,98,0.391,51,3.66,161,6083,5488,589,1303,222,24,128,554,45,31,455,1384,0.237,0.303,0.357,0.659,1957,119,73,32,31,26,1123,83
46,2018,MIL,NL,96,67,0.589,53,4.63,163,6210,5542,754,1398,252,24,218,711,124,32,537,1458,0.252,0.323,0.424,0.747,2352,128,58,29,41,32,1106,99
47,2018,MIN,AL,78,84,0.481,41,4.56,162,6154,5526,738,1379,317,22,166,704,47,27,534,1328,0.25,0.318,0.405,0.723,2238,89,37,19,38,25,1087,96
48,2018,NYM,NL,77,85,0.475,56,4.17,162,6177,5468,676,1282,265,34,170,649,71,39,566,1404,0.235,0.312,0.389,0.701,2125,116,73,28,42,36,1104,96
49,2018,NYY,AL,100,62,0.617,43,5.25,162,6271,5515,851,1374,269,23,267,821,63,21,625,1421,0.249,0.329,0.452,0.781,2490,107,62,10,59,21,1100,112
50,2018,OAK,AL,97,65,0.599,39,5.02,162,6255,5579,813,1407,322,20,227,778,35,21,550,1381,0.252,0.325,0.439,0.764,2450,136,76,6,44,18,1085,110
51,2018,PHI,NL,80,82,0.494,48,4.18,162,6136,5424,677,1270,241,30,186,653,69,26,582,1520,0.234,0.314,0.393,0.707,2129,102,64,32,32,33,1120,89
52,2018,PIT,NL,82,79,0.509,48,4.3,161,6066,5447,692,1381,290,38,157,665,70,38,474,1229,0.254,0.317,0.407,0.725,2218,121,59,31,52,38,1071,98
53,2018,SDP,NL,66,96,0.407,49,3.81,162,6059,5486,617,1289,250,30,162,583,95,36,471,1523,0.235,0.297,0.38,0.677,2085,122,31,35,36,28,1028,88
54,2018,SEA,AL,89,73,0.549,41,4.18,162,6087,5513,677,1402,256,32,176,644,79,37,430,1221,0.254,0.314,0.408,0.722,2250,128,70,29,41,17,1084,102
55,2018,SFG,NL,73,89,0.451,48,3.72,162,6113,5541,603,1324,255,30,133,573,77,34,448,1467,0.239,0.3,0.368,0.667,2038,113,49,33,42,40,1101,85
56,2018,STL,NL,88,74,0.543,49,4.69,162,6200,5498,759,1369,248,9,205,725,63,32,525,1380,0.249,0.321,0.409,0.73,2250,92,80,46,48,40,1101,99
57,2018,TBR,AL,90,72,0.556,46,4.42,162,6195,5475,716,1415,274,43,150,664,128,51,540,1388,0.258,0.333,0.406,0.74,2225,122,101,28,50,17,1156,105
58,2018,TEX,AL,67,95,0.414,41,4.55,162,6163,5453,737,1308,266,24,194,696,74,35,555,1484,0.24,0.318,0.404,0.723,2204,104,88,33,34,16,1093,89
59,2018,TOR,AL,73,89,0.451,51,4.38,162,6076,5477,709,1336,320,16,217,680,47,30,499,1387,0.244,0.312,0.427,0.739,2339,118,58,5,37,15,1036,102
60,2018,WSN,NL,82,80,0.506,53,4.76,162,6288,5517,771,1402,284,25,191,737,119,33,631,1289,0.254,0.335,0.419,0.753,2309,104,59,41,40,56,1180,98
61,2017,ARI,NL,93,69,0.574,45,5.01,162,6224,5525,812,1405,314,39,220,776,103,30,578,1456,0.254,0.329,0.445,0.774,2457,106,54,39,27,44,1118,94
62,2017,ATL,NL,72,90,0.444,49,4.52,162,6216,5584,732,1467,289,26,165,706,77,31,474,1184,0.263,0.326,0.412,0.738,2303,137,66,59,32,57,1127,92
63,2017,BAL,AL,75,87,0.463,41,4.59,162,6140,5650,743,1469,269,12,232,713,32,13,392,1412,0.26,0.312,0.435,0.747,2458,138,50,10,37,12,1041,100
64,2017,BOS,AL,93,69,0.574,43,4.85,162,6338,5669,785,1461,302,19,168,735,106,31,571,1224,0.258,0.329,0.407,0.736,2305,141,53,9,36,48,1134,92
65,2017,CHC,NL,92,70,0.568,47,5.07,162,6283,5496,822,1402,274,29,223,785,62,31,622,1401,0.255,0.338,0.437,0.775,2403,134,82,48,32,54,1147,99
66,2017,CHW,AL,67,95,0.414,39,4.36,162,6059,5513,706,1412,256,37,186,670,71,31,401,1397,0.256,0.314,0.417,0.731,2300,124,76,35,33,17,1055,96
67,2017,CIN,NL,68,94,0.42,47,4.65,162,6213,5484,753,1390,249,38,219,715,120,39,565,1329,0.254,0.329,0.433,0.761,2372,116,72,50,42,41,1135,97
68,2017,CLE,AL,102,60,0.63,36,5.05,162,6234,5511,818,1449,333,29,212,780,88,23,604,1153,0.263,0.339,0.449,0.788,2476,125,50,23,45,30,1158,104
69,2017,COL,NL,87,75,0.537,41,5.09,162,6201,5534,824,1510,293,38,192,793,59,34,519,1408,0.273,0.338,0.444,0.781,2455,143,44,62,41,46,1088,90
70,2017,DET,AL,64,98,0.395,37,4.54,162,6150,5556,735,1435,289,35,187,699,65,34,503,1313,0.258,0.324,0.424,0.748,2355,128,52,11,27,21,1104,98
71,2017,HOU,AL,101,61,0.623,40,5.53,162,6271,5611,896,1581,346,20,238,854,98,42,509,1087,0.282,0.346,0.478,0.823,2681,139,70,11,61,27,1094,123
72,2017,KCR,AL,80,82,0.494,40,4.33,162,6027,5536,702,1436,260,24,193,660,91,31,390,1166,0.259,0.311,0.42,0.731,2323,160,45,17,37,19,1005,93
73,2017,LAA,AL,80,82,0.494,42,4.38,162,6073,5415,710,1314,251,14,186,678,136,44,523,1198,0.243,0.315,0.397,0.712,2151,141,70,17,46,30,1033,92
74,2017,LAD,NL,104,58,0.642,52,4.75,162,6191,5408,770,1347,312,20,221,730,77,28,649,1380,0.249,0.335,0.437,0.771,2362,119,64,31,38,41,1146,104
75,2017,MIA,NL,77,85,0.475,43,4.8,162,6248,5602,778,1497,271,31,194,743,91,30,486,1282,0.267,0.331,0.431,0.762,2412,119,67,50,41,48,1130,107
76,2017,MIL,NL,86,76,0.531,50,4.52,162,6135,5467,732,1363,267,22,224,695,128,41,547,1571,0.249,0.322,0.429,0.751,2346,116,53,42,26,34,1088,94
77,2017,MIN,AL,85,77,0.525,34,5.03,162,6261,5557,815,1444,286,31,206,781,95,28,593,1342,0.26,0.334,0.434,0.768,2410,105,46,26,39,26,1147,104
78,2017,NYM,NL,70,92,0.432,52,4.54,162,6169,5510,735,1379,286,28,224,713,58,23,529,1291,0.25,0.32,0.434,0.755,2393,118,57,36,37,31,1099,101
79,2017,NYY,AL,91,71,0.562,44,5.3,162,6354,5594,858,1463,266,23,241,821,90,22,616,1386,0.262,0.339,0.447,0.785,2498,119,64,18,56,22,1184,105
80,2017,OAK,AL,75,87,0.463,44,4.56,162,6126,5464,739,1344,305,15,234,708,57,22,565,1491,0.246,0.319,0.436,0.755,2381,129,43,13,40,15,1075,104
81,2017,PHI,NL,66,96,0.407,51,4.26,162,6133,5535,690,1382,287,36,174,654,59,25,494,1417,0.25,0.315,0.409,0.724,2263,128,47,21,36,25,1079,89
82,2017,PIT,NL,75,87,0.463,47,4.12,162,6136,5458,668,1331,249,36,151,635,67,36,519,1213,0.244,0.318,0.386,0.704,2105,120,88,42,28,39,1129,86
83,2017,SDP,NL,71,91,0.438,52,3.73,162,5954,5356,604,1251,227,31,189,576,89,33,460,1499,0.234,0.299,0.393,0.692,2107,99,53,52,33,20,1037,83
84,2017,SEA,AL,78,84,0.481,41,4.63,162,6166,5551,750,1436,281,17,200,714,89,35,487,1267,0.259,0.325,0.424,0.749,2351,131,78,14,35,31,1084,103
85,2017,SFG,NL,64,98,0.395,49,3.94,162,6137,5551,639,1382,290,28,128,612,76,34,467,1204,0.249,0.309,0.381,0.689,2112,136,36,31,52,37,1093,81
86,2017,STL,NL,83,79,0.512,48,4.7,162,6219,5470,761,1402,284,28,196,728,81,31,593,1348,0.256,0.334,0.426,0.76,2330,139,65,47,44,36,1118,99
87,2017,TBR,AL,80,82,0.494,40,4.28,162,6147,5478,694,1340,226,32,228,671,88,34,545,1538,0.245,0.317,0.422,0.739,2314,115,55,16,48,33,1114,99
88,2017,TEX,AL,78,84,0.481,38,4.93,162,6122,5430,799,1326,255,21,237,756,113,44,544,1493,0.244,0.32,0.43,0.75,2334,110,81,27,39,18,1015,91
89,2017,TOR,AL,76,86,0.469,44,4.28,162,6154,5499,693,1320,269,5,222,661,53,24,542,1327,0.24,0.312,0.412,0.724,2265,153,51,25,35,12,1064,91
90,2017,WSN,NL,97,65,0.599,49,5.06,162,6214,5553,819,1477,311,31,215,796,108,30,542,1327,0.266,0.332,0.449,0.782,2495,116,31,43,45,56,1101,99
91,2016,ARI,NL,69,93,0.426,50,4.64,162,6260,5665,752,1479,285,56,190,709,137,31,463,1427,0.261,0.321,0.432,0.752,2446,117,50,43,38,43,1113,93
92,2016,ATL,NL,68,93,0.422,60,4.03,161,6192,5514,649,1404,295,27,122,615,75,34,502,1240,0.255,0.321,0.384,0.705,2119,145,59,64,52,60,1160,89
93,2016,BAL,AL,89,73,0.549,40,4.59,162,6089,5524,744,1413,265,6,253,710,19,13,468,1324,0.256,0.317,0.443,0.76,2449,119,44,17,36,19,1065,101
94,2016,BOS,AL,93,69,0.574,43,5.42,162,6320,5670,878,1598,343,25,208,836,83,24,558,1160,0.282,0.348,0.461,0.81,2615,137,43,8,40,34,1162,112
95,2016,CHC,NL,103,58,0.64,45,4.99,162,6335,5503,808,1409,293,30,199,767,66,34,656,1339,0.256,0.344,0.429,0.772,2359,107,96,42,37,45,1217,104
96,2016,CHW,AL,78,84,0.481,43,4.23,162,6131,5550,686,1428,277,33,168,656,77,36,455,1285,0.257,0.317,0.41,0.727,2275,122,53,29,44,16,1105,99
97,2016,CIN,NL,68,94,0.42,52,4.42,162,6094,5487,716,1403,277,33,164,678,139,51,452,1284,0.256,0.316,0.408,0.724,2238,129,52,58,44,37,1014,91
98,2016,CLE,AL,94,67,0.584,39,4.83,161,6155,5484,777,1435,308,29,185,733,134,31,531,1246,0.262,0.329,0.43,0.759,2356,137,49,31,60,16,1084,96
99,2016,COL,NL,75,87,0.463,47,5.22,162,6236,5614,845,1544,318,47,204,805,66,39,494,1330,0.275,0.336,0.457,0.794,2568,113,40,54,34,35,1089,97
100,2016,DET,AL,86,75,0.534,36,4.66,161,6127,5526,750,1476,252,30,211,719,58,29,493,1303,0.267,0.331,0.438,0.769,2421,135,53,17,38,32,1105,106
101,2016,HOU,AL,84,78,0.519,38,4.47,162,6204,5545,724,1367,291,29,198,689,102,44,554,1452,0.247,0.319,0.417,0.735,2310,134,47,27,31,31,1086,103
102,2016,KCR,AL,81,81,0.5,36,4.17,162,6052,5552,675,1450,264,33,147,640,121,35,382,1224,0.261,0.312,0.4,0.712,2221,134,45,38,34,23,1049,90
103,2016,LAA,AL,74,88,0.457,41,4.43,162,6041,5431,717,1410,279,20,156,686,73,34,471,991,0.26,0.322,0.405,0.726,2197,147,51,36,49,21,1037,100
104,2016,LAD,NL,91,71,0.562,55,4.48,162,6164,5518,725,1376,272,21,189,680,45,26,525,1321,0.249,0.319,0.409,0.728,2257,120,58,30,32,31,1106,95
105,2016,MIA,NL,79,82,0.491,52,4.07,161,6134,5547,655,1460,259,42,128,626,71,28,447,1213,0.263,0.322,0.394,0.717,2187,140,54,46,38,40,1171,96
106,2016,MIL,NL,73,89,0.451,50,4.14,162,6061,5330,671,1299,249,19,194,641,181,56,599,1543,0.244,0.322,0.407,0.729,2168,131,37,53,39,34,1071,92
107,2016,MIN,AL,59,103,0.364,42,4.46,162,6245,5618,722,1409,288,35,200,690,91,32,513,1426,0.251,0.316,0.421,0.738,2367,96,44,27,43,24,1124,98
108,2016,NYM,NL,87,75,0.537,46,4.14,162,6115,5459,671,1342,240,19,218,649,42,18,517,1302,0.246,0.316,0.417,0.733,2274,123,62,35,41,43,1120,97
109,2016,NYY,AL,84,78,0.519,42,4.2,162,6059,5458,680,1378,245,20,183,647,72,22,475,1188,0.253,0.315,0.405,0.72,2212,121,42,21,49,19,1098,91
110,2016,OAK,AL,69,93,0.426,43,4.03,162,6022,5500,653,1352,270,21,169,634,50,23,442,1145,0.246,0.304,0.395,0.699,2171,142,33,13,34,19,1036,91
111,2016,PHI,NL,71,91,0.438,49,3.77,162,5992,5434,610,1305,231,35,161,574,96,45,424,1376,0.24,0.301,0.384,0.685,2089,112,58,46,30,33,1043,82
112,2016,PIT,NL,78,83,0.484,55,4.5,162,6261,5542,729,1426,277,32,153,696,110,45,561,1334,0.257,0.333,0.402,0.734,2226,133,81,41,36,39,1173,96
113,2016,SDP,NL,68,94,0.42,58,4.23,162,6001,5419,686,1275,257,26,177,654,125,45,449,1500,0.235,0.299,0.39,0.689,2115,93,58,36,36,30,965,86
114,2016,SEA,AL,86,76,0.531,40,4.74,162,6227,5583,768,1446,251,17,223,735,56,28,506,1288,0.259,0.326,0.43,0.756,2400,138,72,24,41,29,1099,106
115,2016,SFG,NL,87,75,0.537,45,4.41,162,6271,5565,715,1437,280,54,130,675,79,36,572,1107,0.258,0.33,0.398,0.728,2215,120,42,42,46,43,1188,97
116,2016,STL,NL,86,76,0.531,41,4.81,162,6223,5548,779,1415,299,32,225,745,35,26,526,1318,0.255,0.325,0.442,0.767,2453,117,70,37,41,28,1113,104
117,2016,TBR,AL,68,94,0.42,39,4.15,162,6046,5481,672,1333,288,32,216,647,60,37,449,1482,0.243,0.307,0.426,0.733,2333,88,69,18,28,20,1060,100
118,2016,TEX,AL,95,67,0.586,40,4.72,162,6089,5525,765,1446,257,23,215,746,99,36,436,1220,0.262,0.322,0.433,0.755,2394,114,70,18,40,23,1038,96
119,2016,TOR,AL,89,73,0.549,38,4.69,162,6233,5479,759,1358,276,18,221,728,54,24,632,1362,0.248,0.33,0.426,0.755,2333,153,55,26,40,16,1120,101
120,2016,WSN,NL,95,67,0.586,43,4.71,162,6201,5490,763,1403,268,29,203,735,121,39,536,1252,0.256,0.326,0.426,0.751,2338,102,64,48,63,49,1105,96
121,2015,ARI,NL,79,83,0.488,50,4.44,162,6276,5649,720,1494,289,48,154,680,132,44,490,1312,0.265,0.324,0.414,0.738,2341,134,33,46,57,40,1153,97
122,2015,ATL,NL,67,95,0.414,60,3.54,162,6034,5420,573,1361,251,18,100,548,69,33,471,1107,0.251,0.314,0.359,0.674,1948,148,44,67,31,39,1145,87
123,2015,BAL,AL,81,81,0.5,43,4.4,162,6007,5485,713,1370,246,20,217,686,44,25,418,1331,0.25,0.307,0.421,0.728,2307,127,51,20,32,23,990,97
124,2015,BOS,AL,78,84,0.481,44,4.62,162,6237,5640,748,1495,294,33,161,706,71,27,478,1148,0.265,0.325,0.415,0.74,2338,127,46,30,42,28,1142,97
125,2015,CHC,NL,97,65,0.599,50,4.25,162,6200,5491,689,1341,272,30,171,657,95,37,567,1518,0.244,0.321,0.398,0.72,2186,101,74,32,35,47,1165,98
126,2015,CHW,AL,76,86,0.469,31,3.84,162,6070,5533,622,1381,260,27,136,595,68,42,404,1231,0.25,0.306,0.38,0.686,2103,125,65,30,37,22,1065,92
127,2015,CIN,NL,64,98,0.395,50,3.95,162,6196,5571,640,1382,257,27,167,613,134,38,496,1255,0.248,0.312,0.394,0.706,2194,112,42,47,40,38,1148,92
128,2015,CLE,AL,81,80,0.503,38,4.16,161,6109,5439,669,1395,303,29,141,640,86,28,533,1157,0.257,0.325,0.401,0.725,2179,134,39,47,50,34,1147,93
129,2015,COL,NL,68,94,0.42,51,4.55,162,6071,5572,737,1479,274,49,186,702,97,43,388,1283,0.265,0.315,0.432,0.748,2409,114,33,44,34,47,1016,89
130,2015,DET,AL,74,87,0.46,40,4.28,161,6159,5605,689,1515,289,49,151,660,83,51,455,1259,0.27,0.328,0.42,0.748,2355,152,41,23,35,36,1111,105
131,2015,HOU,AL,86,76,0.531,39,4.5,162,6073,5459,729,1363,278,26,230,691,121,48,486,1392,0.25,0.315,0.437,0.752,2383,102,56,28,43,22,1036,107
132,2015,KCR,AL,95,67,0.586,35,4.47,162,6116,5575,724,1497,300,42,139,689,104,34,383,973,0.269,0.322,0.412,0.734,2298,133,77,34,47,28,1079,98
133,2015,LAA,AL,85,77,0.525,43,4.08,162,5990,5417,661,1331,243,21,176,621,52,34,435,1150,0.246,0.307,0.396,0.702,2144,116,58,37,40,34,1013,97
134,2015,LAD,NL,92,70,0.568,55,4.12,162,6090,5385,667,1346,263,26,187,638,59,34,563,1258,0.25,0.326,0.413,0.739,2222,135,60,49,30,31,1121,106
135,2015,MIA,NL,71,91,0.438,51,3.78,162,5988,5463,613,1420,236,40,120,575,112,45,375,1150,0.26,0.31,0.384,0.694,2096,133,39,71,40,30,1059,93
136,2015,MIL,NL,68,94,0.42,49,4.04,162,6024,5480,655,1378,274,34,145,624,84,29,412,1299,0.252,0.307,0.393,0.7,2155,130,41,55,34,35,1026,91
137,2015,MIN,AL,83,79,0.512,38,4.3,162,6017,5467,696,1349,277,44,156,661,70,38,439,1264,0.247,0.305,0.399,0.704,2182,133,40,30,41,31,993,92
138,2015,NYM,NL,90,72,0.556,48,4.22,162,6145,5527,683,1351,295,17,177,654,51,25,488,1290,0.244,0.312,0.4,0.712,2211,130,68,29,32,42,1098,96
139,2015,NYY,AL,87,75,0.537,49,4.72,162,6268,5567,764,1397,272,19,212,737,63,25,554,1227,0.251,0.323,0.421,0.744,2343,105,63,24,54,23,1151,102
140,2015,OAK,AL,68,94,0.42,41,4.28,162,6171,5600,694,1405,277,46,146,661,78,29,475,1119,0.251,0.312,0.395,0.707,2212,124,40,14,38,21,1102,96
141,2015,PHI,NL,63,99,0.389,50,3.86,162,6053,5529,626,1374,272,37,130,586,88,32,387,1274,0.249,0.303,0.382,0.684,2110,119,54,53,29,20,1066,89
142,2015,PIT,NL,98,64,0.605,46,4.3,162,6285,5631,697,1462,292,27,140,661,98,45,461,1322,0.26,0.323,0.396,0.719,2228,115,89,63,41,46,1166,97
143,2015,SDP,NL,74,88,0.457,46,4.01,162,6019,5457,650,1324,260,36,148,623,82,29,426,1327,0.243,0.3,0.385,0.685,2100,108,40,52,42,22,1028,91
144,2015,SEA,AL,76,86,0.469,43,4.05,162,6131,5544,656,1379,262,22,198,624,69,45,478,1336,0.249,0.311,0.411,0.722,2279,123,36,38,35,31,1080,101
145,2015,SFG,NL,84,78,0.519,48,4.3,162,6153,5565,696,1486,288,39,136,663,93,36,457,1159,0.267,0.326,0.406,0.732,2260,142,49,45,37,30,1130,101
146,2015,STL,NL,100,62,0.617,46,3.99,162,6139,5484,647,1386,288,39,137,619,69,38,506,1267,0.253,0.321,0.394,0.716,2163,128,66,39,42,47,1152,95
147,2015,TBR,AL,80,82,0.494,45,3.98,162,6071,5485,644,1383,278,32,167,612,87,45,436,1310,0.252,0.314,0.406,0.72,2226,121,84,19,47,22,1075,100
148,2015,TEX,AL,88,74,0.543,50,4.64,162,6187,5511,751,1419,279,32,172,707,101,39,503,1233,0.258,0.325,0.413,0.739,2278,99,76,43,54,32,1130,98
149,2015,TOR,AL,93,69,0.574,40,5.5,162,6232,5509,891,1480,308,17,232,852,88,23,570,1151,0.269,0.34,0.457,0.797,2518,140,54,36,62,12,1057,115
150,2015,WSN,NL,83,79,0.512,44,4.34,162,6117,5428,703,1363,265,13,177,665,57,23,539,1344,0.251,0.321,0.403,0.724,2185,129,44,55,51,38,1114,96
151,2014,ARI,NL,64,98,0.395,52,3.8,162,6089,5552,615,1379,259,47,118,573,86,33,398,1165,0.248,0.302,0.376,0.678,2086,115,43,56,36,31,1092,88
152,2014,ATL,NL,79,83,0.488,39,3.54,162,6064,5468,573,1316,240,22,123,545,95,33,472,1369,0.241,0.305,0.36,0.665,1969,121,43,53,27,31,1128,88
153,2014,BAL,AL,96,66,0.593,39,4.35,162,6130,5596,705,1434,264,16,211,681,44,20,401,1285,0.256,0.311,0.422,0.734,2363,112,62,35,36,29,1088,104
154,2014,BOS,AL,71,91,0.438,50,3.91,162,6226,5551,634,1355,282,20,123,601,63,25,535,1337,0.244,0.316,0.369,0.684,2046,138,68,20,52,36,1168,91
155,2014,CHC,NL,73,89,0.451,48,3.79,162,6102,5508,614,1315,270,31,157,590,65,40,442,1477,0.239,0.3,0.385,0.684,2118,94,54,57,41,29,1069,89
156,2014,CHW,AL,73,89,0.451,36,4.07,162,6077,5543,660,1400,279,32,155,625,85,36,417,1362,0.253,0.31,0.398,0.708,2208,127,60,19,38,33,1071,102
157,2014,CIN,NL,76,86,0.469,45,3.67,162,5978,5395,595,1282,254,20,131,562,122,52,415,1252,0.238,0.297,0.365,0.662,1969,88,52,76,37,22,1037,85
158,2014,CLE,AL,85,77,0.525,43,4.13,162,6222,5575,669,1411,284,23,142,644,104,27,504,1189,0.253,0.317,0.389,0.706,2167,126,42,51,49,24,1154,97
159,2014,COL,NL,66,96,0.407,49,4.66,162,6164,5612,755,1551,307,41,186,721,85,48,397,1281,0.276,0.327,0.445,0.772,2498,121,48,59,48,39,1072,102
160,2014,DET,AL,90,72,0.556,37,4.67,162,6202,5630,757,1557,325,26,155,731,106,41,443,1144,0.277,0.331,0.426,0.757,2399,137,44,24,61,51,1111,113
161,2014,HOU,AL,70,92,0.432,39,3.88,162,6055,5447,629,1317,240,19,163,596,122,37,495,1442,0.242,0.31,0.383,0.692,2084,122,55,22,36,27,1086,96
162,2014,KCR,AL,89,73,0.549,38,4.02,162,6058,5545,651,1456,286,29,95,604,153,36,380,985,0.263,0.314,0.376,0.69,2085,131,53,33,47,22,1080,92
163,2014,LAA,AL,98,64,0.605,41,4.77,162,6285,5652,773,1464,304,31,155,729,81,39,492,1266,0.259,0.322,0.406,0.728,2295,112,60,26,54,42,1113,110
164,2014,LAD,NL,94,68,0.58,48,4.43,162,6231,5560,718,1476,302,38,134,686,138,50,519,1246,0.266,0.333,0.406,0.738,2256,119,61,47,43,30,1159,110
165,2014,MIA,NL,77,85,0.475,45,3.98,162,6185,5538,645,1399,254,36,122,614,58,21,501,1419,0.253,0.317,0.378,0.694,2091,143,35,71,39,49,1145,94
166,2014,MIL,NL,82,80,0.506,40,4.01,162,6065,5462,650,1366,297,28,150,617,102,43,423,1197,0.25,0.311,0.397,0.708,2169,135,73,70,37,32,1049,95
167,2014,MIN,AL,70,92,0.432,38,4.41,162,6233,5567,715,1412,316,27,128,675,99,36,544,1329,0.254,0.324,0.389,0.713,2166,97,53,25,44,29,1176,100
168,2014,NYM,NL,79,83,0.488,45,3.88,162,6145,5472,629,1306,275,19,125,602,101,34,516,1264,0.239,0.308,0.364,0.673,1994,112,54,59,44,42,1123,93
169,2014,NYY,AL,84,78,0.519,41,3.91,162,6082,5497,633,1349,247,26,147,591,112,26,452,1133,0.245,0.307,0.38,0.687,2089,111,56,29,47,16,1098,94
170,2014,OAK,AL,88,74,0.543,39,4.5,162,6245,5545,729,1354,253,33,146,686,83,20,586,1104,0.244,0.32,0.381,0.7,2111,118,49,19,43,34,1147,100
171,2014,PHI,NL,73,89,0.451,49,3.82,162,6198,5603,619,1356,251,27,125,584,109,26,443,1306,0.242,0.302,0.363,0.666,2036,94,55,59,37,42,1147,85
172,2014,PIT,NL,88,74,0.543,45,4.21,162,6224,5536,682,1436,275,30,156,659,104,47,520,1244,0.259,0.33,0.404,0.734,2239,127,78,54,35,46,1192,106
173,2014,SDP,NL,77,85,0.475,51,3.3,162,5905,5294,535,1199,224,30,109,500,91,34,468,1294,0.227,0.292,0.342,0.634,1810,118,41,56,45,27,1033,84
174,2014,SEA,AL,87,75,0.537,38,3.91,162,5977,5450,634,1328,247,32,136,600,96,42,396,1232,0.244,0.3,0.376,0.676,2047,112,60,35,34,33,1008,95
175,2014,SFG,NL,88,74,0.543,46,4.1,162,6087,5523,665,1407,257,42,132,636,56,27,427,1245,0.255,0.311,0.388,0.699,2144,113,43,45,49,37,1095,100
176,2014,STL,NL,90,72,0.556,46,3.82,162,6086,5426,619,1371,275,21,105,585,57,32,471,1133,0.253,0.32,0.369,0.689,2003,140,86,64,39,28,1145,93
177,2014,TBR,AL,77,85,0.475,36,3.78,162,6205,5516,612,1361,263,24,117,586,63,27,527,1124,0.247,0.317,0.367,0.684,2023,135,66,43,53,31,1193,96
178,2014,TEX,AL,67,95,0.414,45,3.93,162,6026,5460,637,1400,260,28,111,597,105,59,417,1162,0.256,0.314,0.375,0.689,2049,148,61,41,45,37,1066,92
179,2014,TOR,AL,83,79,0.512,47,4.46,162,6167,5549,723,1435,282,24,177,690,78,21,502,1151,0.259,0.323,0.414,0.736,2296,128,41,35,40,27,1122,108
180,2014,WSN,NL,96,66,0.593,40,4.23,162,6216,5542,686,1403,265,27,152,635,101,23,517,1304,0.253,0.321,0.393,0.714,2178,115,56,60,41,29,1160,96
181,2013,ARI,NL,81,81,0.5,44,4.23,162,6334,5676,685,1468,302,31,130,647,62,41,519,1142,0.259,0.323,0.392,0.715,2222,160,43,50,43,51,1160,96
182,2013,ATL,NL,96,66,0.593,44,4.25,162,6133,5441,688,1354,247,21,181,656,64,31,542,1384,0.249,0.321,0.402,0.723,2186,119,55,58,35,36,1132,99
183,2013,BAL,AL,85,77,0.525,41,4.6,162,6144,5620,745,1460,298,14,212,719,79,29,416,1125,0.26,0.313,0.431,0.744,2422,105,36,27,45,36,1053,101
184,2013,BOS,AL,97,65,0.599,38,5.27,162,6382,5651,853,1566,363,29,178,819,123,19,581,1308,0.277,0.349,0.446,0.795,2521,137,72,24,50,51,1212,116
185,2013,CHC,NL,66,96,0.407,56,3.72,162,6079,5498,602,1307,297,18,172,576,63,32,439,1230,0.238,0.301,0.392,0.693,2156,120,67,43,30,28,1092,89
186,2013,CHW,AL,63,99,0.389,40,3.69,162,6077,5563,598,1385,237,19,148,574,105,42,411,1207,0.249,0.302,0.378,0.68,2104,124,34,19,48,23,1068,84
187,2013,CIN,NL,90,72,0.556,39,4.31,162,6293,5499,698,1370,274,20,155,664,67,35,585,1245,0.249,0.327,0.391,0.718,2149,129,76,85,46,65,1191,98
188,2013,CLE,AL,92,70,0.568,39,4.6,162,6165,5465,745,1391,290,23,171,711,117,36,562,1283,0.255,0.327,0.41,0.737,2240,106,51,31,56,19,1126,107
189,2013,COL,NL,74,88,0.457,42,4.36,162,6152,5599,706,1511,283,36,159,673,112,32,427,1204,0.27,0.323,0.419,0.741,2343,111,26,65,35,26,1118,91
190,2013,DET,AL,93,69,0.574,37,4.91,162,6388,5735,796,1625,292,23,176,767,35,20,531,1073,0.283,0.346,0.434,0.78,2491,146,43,32,47,40,1250,111
191,2013,HOU,AL,51,111,0.315,41,3.77,162,6020,5457,610,1307,266,16,148,566,110,61,426,1535,0.24,0.299,0.376,0.674,2049,110,52,46,38,17,1007,86
192,2013,KCR,AL,86,76,0.531,36,4,162,6093,5549,648,1443,254,34,112,620,153,32,422,1048,0.26,0.315,0.379,0.694,2101,131,42,37,42,38,1110,89
193,2013,LAA,AL,78,84,0.481,40,4.52,162,6260,5588,733,1476,270,39,164,696,82,34,523,1221,0.264,0.329,0.415,0.743,2316,150,48,37,64,40,1144,110
194,2013,LAD,NL,92,70,0.568,49,4.01,162,6145,5491,649,1447,281,17,138,618,78,28,476,1146,0.264,0.326,0.396,0.722,2176,130,57,71,48,45,1175,103
195,2013,MIA,NL,62,100,0.383,53,3.17,162,6021,5449,513,1257,219,31,95,485,78,29,432,1232,0.231,0.293,0.335,0.627,1823,131,56,57,26,31,1080,73
196,2013,MIL,NL,74,88,0.457,40,3.95,162,6064,5474,640,1381,238,43,157,610,142,50,407,1183,0.252,0.311,0.398,0.708,2176,116,71,77,35,22,1071,93
197,2013,MIN,AL,66,96,0.407,35,3.79,162,6212,5564,614,1346,285,15,151,590,52,33,533,1430,0.242,0.312,0.38,0.692,2114,103,52,29,32,20,1206,90
198,2013,NYM,NL,74,88,0.457,53,3.82,162,6207,5559,619,1318,263,32,130,593,114,35,512,1384,0.237,0.306,0.366,0.672,2035,106,51,53,32,40,1137,91
199,2013,NYY,AL,85,77,0.525,46,4.01,162,6045,5449,650,1321,247,24,144,614,115,31,466,1214,0.242,0.307,0.376,0.683,2048,121,57,36,36,33,1064,88
200,2013,OAK,AL,96,66,0.593,41,4.73,162,6209,5521,767,1403,301,25,186,725,74,28,573,1178,0.254,0.327,0.419,0.745,2312,108,45,21,49,29,1126,107
201,2013,PHI,NL,73,89,0.451,51,3.77,162,6014,5456,610,1355,255,32,140,578,73,29,417,1205,0.248,0.306,0.384,0.69,2094,131,53,57,31,41,1061,91
202,2013,PIT,NL,94,68,0.58,48,3.91,162,6135,5486,634,1346,273,35,161,603,94,42,469,1330,0.245,0.313,0.396,0.709,2172,120,88,62,29,41,1126,100
203,2013,SDP,NL,76,86,0.469,47,3.81,162,6122,5517,618,1349,246,26,146,578,118,34,467,1309,0.245,0.308,0.378,0.686,2085,99,52,52,34,36,1126,97
204,2013,SEA,AL,71,91,0.438,41,3.85,162,6172,5558,624,1318,249,17,188,597,49,23,529,1353,0.237,0.306,0.39,0.695,2165,122,31,26,28,21,1131,98
205,2013,SFG,NL,76,86,0.469,44,3.88,162,6168,5552,629,1446,280,35,107,596,67,26,469,1078,0.26,0.32,0.381,0.702,2117,131,39,66,42,40,1187,100
206,2013,STL,NL,97,65,0.599,44,4.83,162,6202,5557,783,1494,322,20,125,745,45,22,481,1110,0.269,0.332,0.402,0.733,2231,154,64,56,44,38,1087,102
207,2013,TBR,AL,92,71,0.564,38,4.29,163,6242,5538,700,1421,296,23,165,670,73,38,589,1171,0.257,0.329,0.408,0.737,2258,140,36,24,55,31,1172,106
208,2013,TEX,AL,91,72,0.558,37,4.48,163,6196,5585,730,1465,262,23,176,691,149,46,462,1067,0.262,0.323,0.412,0.735,2301,124,61,45,42,26,1110,100
209,2013,TOR,AL,74,88,0.457,41,4.4,162,6152,5537,712,1398,273,24,185,669,112,41,510,1123,0.253,0.318,0.411,0.729,2274,133,38,29,38,19,1065,99
210,2013,WSN,NL,86,76,0.531,44,4.05,162,6047,5436,656,1365,259,27,161,621,88,28,464,1192,0.251,0.313,0.398,0.71,2161,115,40,68,39,35,1071,94
211,2012,ARI,NL,81,81,0.5,48,4.53,162,6150,5462,734,1416,307,33,165,710,93,51,539,1266,0.259,0.328,0.418,0.746,2284,108,41,61,45,47,1122,99
212,2012,ATL,NL,94,68,0.58,41,4.32,162,6126,5425,700,1341,263,30,149,660,101,32,567,1289,0.247,0.32,0.389,0.709,2111,108,34,53,46,37,1127,90
213,2012,BAL,AL,93,69,0.574,39,4.4,162,6160,5560,712,1375,270,16,214,677,58,29,480,1315,0.247,0.311,0.417,0.728,2319,152,50,38,30,24,1027,97
214,2012,BOS,AL,69,93,0.426,46,4.53,162,6166,5604,734,1459,339,16,165,695,97,31,428,1197,0.26,0.315,0.415,0.73,2325,105,45,34,55,27,1076,96
215,2012,CHC,NL,61,101,0.377,53,3.78,162,5967,5411,613,1297,265,36,137,570,94,45,447,1235,0.24,0.302,0.378,0.68,2045,125,43,42,24,29,1044,83
216,2012,CHW,AL,85,77,0.525,35,4.62,162,6111,5518,748,1409,228,29,211,726,109,43,461,1203,0.255,0.318,0.422,0.74,2328,112,65,31,36,24,1038,98
217,2012,CIN,NL,97,65,0.599,38,4.13,162,6115,5477,669,1377,296,30,172,636,87,27,481,1266,0.251,0.315,0.411,0.726,2249,100,47,73,37,54,1135,93
218,2012,CLE,AL,68,94,0.42,38,4.12,162,6195,5525,667,1385,266,24,136,635,110,44,555,1087,0.251,0.324,0.381,0.705,2107,141,59,17,39,28,1162,99
219,2012,COL,NL,64,98,0.395,49,4.68,162,6183,5577,758,1526,306,52,166,716,100,40,450,1213,0.274,0.33,0.436,0.766,2434,132,36,74,39,34,1111,93
220,2012,DET,AL,88,74,0.543,37,4.48,162,6119,5476,726,1467,279,39,163,698,59,23,511,1103,0.268,0.335,0.422,0.757,2313,156,57,36,39,46,1121,103
221,2012,HOU,NL,55,107,0.34,50,3.6,162,6014,5407,583,1276,238,28,146,545,105,46,463,1365,0.236,0.302,0.371,0.673,2008,114,58,54,30,19,1090,82
222,2012,KCR,AL,72,90,0.444,36,4.17,162,6149,5636,676,1492,295,37,131,643,132,38,404,1032,0.265,0.317,0.4,0.716,2254,130,42,26,41,35,1087,94
223,2012,LAA,AL,89,73,0.549,35,4.73,162,6121,5536,767,1518,273,22,187,732,134,33,449,1113,0.274,0.332,0.433,0.764,2396,138,47,47,41,29,1079,114
224,2012,LAD,NL,86,76,0.531,50,3.93,162,6091,5438,637,1369,269,23,116,607,104,44,481,1156,0.252,0.317,0.374,0.69,2032,139,52,82,38,49,1112,91
225,2012,MIA,NL,69,93,0.426,45,3.76,162,6057,5437,609,1327,261,39,137,576,149,41,484,1228,0.244,0.308,0.382,0.69,2077,114,35,60,40,46,1092,85
226,2012,MIL,NL,83,79,0.512,46,4.79,162,6225,5557,776,1442,300,39,202,741,158,39,466,1240,0.26,0.325,0.437,0.762,2426,111,90,76,35,35,1104,101
227,2012,MIN,AL,66,96,0.407,37,4.33,162,6209,5562,701,1448,270,30,131,666,135,37,505,1069,0.26,0.325,0.39,0.715,2171,149,53,33,56,28,1144,98
228,2012,NYM,NL,74,88,0.457,49,4.01,162,6091,5450,650,1357,286,21,139,625,79,38,503,1250,0.249,0.316,0.386,0.701,2102,118,42,64,30,43,1118,94
229,2012,NYY,AL,95,67,0.586,39,4.96,162,6231,5524,804,1462,280,13,245,774,93,27,565,1176,0.265,0.337,0.453,0.79,2503,136,62,31,49,31,1135,112
230,2012,OAK,AL,94,68,0.58,39,4.4,162,6183,5527,713,1315,267,32,195,676,122,32,550,1387,0.238,0.31,0.404,0.714,2231,97,45,27,34,29,1095,99
231,2012,PHI,NL,81,81,0.5,49,4.22,162,6172,5544,684,1414,271,28,158,659,116,23,454,1094,0.255,0.317,0.4,0.716,2215,114,63,72,39,41,1135,92
232,2012,PIT,NL,79,83,0.488,49,4.02,162,6014,5412,651,1313,241,37,170,620,73,52,444,1354,0.243,0.304,0.395,0.699,2138,98,51,62,45,32,1049,93
233,2012,SDP,NL,76,86,0.469,53,4.02,162,6112,5422,651,1339,272,43,121,610,155,46,539,1238,0.247,0.319,0.38,0.699,2060,100,54,63,34,36,1146,97
234,2012,SEA,AL,75,87,0.463,34,3.82,162,6057,5494,619,1285,241,27,149,584,104,35,466,1259,0.234,0.296,0.369,0.665,2027,95,30,32,35,21,1052,88
235,2012,SFG,NL,94,68,0.58,45,4.43,162,6200,5558,718,1495,287,57,103,675,118,39,483,1097,0.269,0.327,0.397,0.724,2205,114,29,69,61,44,1171,106
236,2012,STL,NL,88,74,0.543,45,4.72,162,6326,5622,765,1526,290,37,159,732,91,37,533,1192,0.271,0.338,0.421,0.759,2367,135,53,69,49,45,1198,107
237,2012,TBR,AL,90,72,0.556,38,4.3,162,6105,5398,697,1293,250,30,175,665,134,44,571,1323,0.24,0.317,0.394,0.711,2128,133,58,34,42,26,1058,99
238,2012,TEX,AL,93,69,0.574,32,4.99,162,6216,5590,808,1526,303,32,200,780,91,44,478,1103,0.273,0.334,0.446,0.78,2493,121,57,36,53,44,1113,105
239,2012,TOR,AL,73,89,0.451,40,4.42,162,6094,5487,716,1346,247,22,198,677,123,41,473,1251,0.245,0.309,0.407,0.716,2231,109,55,33,45,29,1026,94
240,2012,WSN,NL,98,64,0.605,43,4.51,162,6221,5615,731,1468,301,25,194,688,105,35,479,1325,0.261,0.322,0.428,0.75,2401,110,41,50,36,43,1127,101
241,2011,ARI,NL,94,68,0.58,51,4.51,162,6096,5421,731,1357,293,37,172,702,133,55,531,1249,0.25,0.322,0.413,0.736,2240,82,61,50,33,55,1064,99
242,2011,ATL,NL,89,73,0.549,45,3.96,162,6169,5528,641,1345,244,16,173,606,77,44,504,1260,0.243,0.308,0.387,0.695,2140,113,28,75,30,45,1109,90
243,2011,BAL,AL,69,93,0.426,37,4.37,162,6156,5585,708,1434,273,13,191,684,81,25,452,1120,0.257,0.316,0.413,0.729,2306,154,52,24,43,24,1069,97
244,2011,BOS,AL,90,72,0.556,36,5.4,162,6414,5710,875,1600,352,35,203,842,102,42,578,1108,0.28,0.349,0.461,0.81,2631,136,50,22,50,52,1190,116
245,2011,CHC,NL,71,91,0.438,42,4.04,162,6130,5549,654,1423,285,36,148,610,69,23,425,1202,0.256,0.314,0.401,0.715,2224,123,59,60,35,35,1141,95
246,2011,CHW,AL,79,83,0.488,34,4.04,162,6159,5502,654,1387,252,16,154,625,81,53,475,989,0.252,0.319,0.388,0.706,2133,125,84,52,46,31,1126,89
247,2011,CIN,NL,79,83,0.488,42,4.54,162,6329,5612,735,1438,264,19,183,697,97,50,535,1250,0.256,0.326,0.408,0.734,2289,98,63,78,40,52,1189,98
248,2011,CLE,AL,80,82,0.494,37,4.35,162,6142,5509,704,1380,290,26,154,671,89,42,494,1269,0.251,0.317,0.396,0.714,2184,111,65,31,43,30,1075,100
249,2011,COL,NL,73,89,0.451,55,4.54,162,6275,5544,735,1429,274,40,163,697,118,42,555,1201,0.258,0.329,0.41,0.739,2272,112,57,75,44,54,1172,88
250,2011,DET,AL,95,67,0.586,34,4.86,162,6231,5563,787,1540,297,34,169,750,49,20,521,1143,0.277,0.34,0.434,0.773,2412,142,39,50,58,47,1165,109
251,2011,FLA,NL,72,90,0.444,44,3.86,162,6232,5508,625,1358,274,30,149,596,95,41,542,1244,0.247,0.318,0.388,0.706,2139,111,51,89,42,38,1198,93
252,2011,HOU,NL,56,106,0.346,47,3.8,162,6150,5598,615,1442,309,28,95,579,118,33,401,1164,0.258,0.311,0.374,0.684,2092,111,46,66,37,34,1154,89
253,2011,KCR,AL,71,91,0.438,34,4.51,162,6267,5672,730,1560,325,41,129,705,153,58,442,1006,0.275,0.329,0.415,0.744,2354,121,39,55,57,37,1156,104
254,2011,LAA,AL,86,76,0.531,34,4.12,162,6088,5513,667,1394,289,34,155,629,135,52,442,1086,0.253,0.313,0.402,0.715,2216,126,51,50,32,33,1051,102
255,2011,LAD,NL,82,79,0.509,48,4,161,6094,5436,644,1395,237,28,117,613,126,40,498,1087,0.257,0.322,0.375,0.697,2039,101,45,71,43,61,1165,95
256,2011,MIL,NL,96,66,0.593,48,4.45,162,6113,5447,721,1422,276,31,185,693,94,31,481,1083,0.261,0.325,0.425,0.75,2315,114,56,85,44,53,1110,102
257,2011,MIN,AL,63,99,0.389,37,3.82,162,6020,5487,619,1357,259,25,103,572,92,39,440,1048,0.247,0.306,0.36,0.666,1975,115,37,31,25,24,1080,84
258,2011,NYM,NL,77,85,0.475,46,4.43,162,6335,5600,718,1477,309,39,108,676,130,35,571,1085,0.264,0.335,0.391,0.726,2188,112,51,65,48,56,1257,103
259,2011,NYY,AL,97,65,0.599,35,5.35,162,6306,5518,867,1452,267,33,222,836,147,46,627,1138,0.263,0.343,0.444,0.788,2451,146,74,36,51,34,1114,110
260,2011,OAK,AL,74,88,0.457,36,3.98,162,6104,5452,645,1330,280,29,114,612,117,43,509,1094,0.244,0.311,0.369,0.68,2010,119,50,34,57,20,1106,88
261,2011,PHI,NL,102,60,0.63,42,4.4,162,6279,5579,713,1409,258,38,153,693,96,24,539,1024,0.253,0.323,0.395,0.717,2202,108,56,65,38,52,1197,96
262,2011,PIT,NL,72,90,0.444,52,3.77,162,6064,5421,610,1325,277,35,107,580,108,52,489,1308,0.244,0.309,0.368,0.676,1993,123,34,75,44,31,1079,90
263,2011,SDP,NL,71,91,0.438,48,3.66,162,6074,5417,593,1284,247,42,91,563,170,44,501,1320,0.237,0.305,0.349,0.653,1888,105,48,55,47,42,1103,85
264,2011,SEA,AL,67,95,0.414,36,3.43,162,5972,5421,556,1263,253,22,109,534,125,40,435,1280,0.233,0.292,0.348,0.641,1887,82,37,38,41,33,1083,84
265,2011,SFG,NL,86,76,0.531,44,3.52,162,6091,5486,570,1327,282,24,121,534,85,51,448,1122,0.242,0.303,0.368,0.671,2020,117,52,62,43,47,1127,91
266,2011,STL,NL,90,72,0.556,46,4.7,162,6242,5532,762,1513,308,22,162,726,57,39,542,978,0.274,0.341,0.425,0.766,2351,169,44,84,40,64,1127,112
267,2011,TBR,AL,91,71,0.562,35,4.36,162,6152,5436,707,1324,273,37,172,674,155,62,571,1193,0.244,0.322,0.402,0.724,2187,101,73,37,35,31,1118,104
268,2011,TEX,AL,96,66,0.593,33,5.28,162,6261,5659,855,1599,310,32,210,807,143,45,475,930,0.283,0.34,0.46,0.8,2603,135,39,39,49,35,1126,110
269,2011,TOR,AL,81,81,0.5,38,4.59,162,6210,5559,743,1384,285,34,186,704,131,52,525,1184,0.249,0.317,0.413,0.73,2295,108,48,31,47,41,1090,96
270,2011,WSN,NL,80,81,0.497,44,3.88,161,6090,5441,624,1319,257,22,154,594,106,38,470,1323,0.242,0.309,0.383,0.691,2082,103,65,82,32,40,1114,89
271,2010,ARI,NL,65,97,0.401,48,4.4,162,6183,5473,713,1366,301,34,180,691,86,41,589,1529,0.25,0.325,0.416,0.74,2275,113,39,41,41,45,1139,94
272,2010,ATL,NL,91,71,0.562,43,4.56,162,6252,5463,738,1411,312,25,139,699,63,29,634,1140,0.258,0.339,0.401,0.74,2190,136,51,69,35,50,1222,101
273,2010,BAL,AL,66,96,0.407,36,3.78,162,6109,5554,613,1440,264,21,133,577,76,34,424,1056,0.259,0.316,0.386,0.702,2145,154,54,31,45,32,1139,92
274,2010,BOS,AL,89,73,0.549,43,5.05,162,6356,5646,818,1511,358,22,211,782,68,17,587,1140,0.268,0.339,0.451,0.79,2546,130,47,29,46,43,1200,109
275,2010,CHC,NL,75,87,0.463,44,4.23,162,6140,5512,685,1414,298,27,149,658,55,31,479,1236,0.257,0.32,0.402,0.721,2213,124,50,60,38,32,1129,90
276,2010,CHW,AL,88,74,0.543,32,4.64,162,6118,5484,752,1467,263,21,177,710,160,74,467,922,0.268,0.332,0.42,0.752,2303,148,79,50,38,23,1046,102
277,2010,CIN,NL,91,71,0.562,44,4.88,162,6285,5579,790,1515,293,30,188,761,93,43,522,1218,0.272,0.339,0.436,0.774,2432,113,68,66,50,34,1174,106
278,2010,CLE,AL,69,93,0.426,38,3.99,162,6165,5487,646,1362,290,20,128,601,91,33,545,1184,0.248,0.322,0.378,0.7,2076,118,64,36,33,34,1186,96
279,2010,COL,NL,83,79,0.512,43,4.75,162,6265,5530,770,1452,270,54,173,741,99,42,585,1274,0.263,0.336,0.425,0.76,2349,103,47,56,47,53,1175,92
280,2010,DET,AL,81,81,0.5,37,4.64,162,6312,5643,751,1515,308,32,152,717,69,30,546,1147,0.269,0.335,0.415,0.75,2343,118,41,41,41,50,1229,102
281,2010,FLA,NL,80,82,0.494,56,4.44,162,6194,5531,719,1403,294,37,152,686,92,26,514,1375,0.254,0.321,0.403,0.724,2227,107,55,51,43,42,1154,92
282,2010,HOU,NL,76,86,0.469,47,3.77,162,6005,5452,611,1348,252,25,108,577,100,36,415,1025,0.247,0.303,0.362,0.665,1974,130,33,75,29,27,1060,81
283,2010,KCR,AL,67,95,0.414,34,4.17,162,6209,5604,676,1534,279,31,121,640,115,50,471,905,0.274,0.331,0.399,0.73,2238,152,35,45,53,25,1173,100
284,2010,LAA,AL,80,82,0.494,38,4.2,162,6089,5488,681,1363,276,19,155,656,104,52,466,1070,0.248,0.311,0.39,0.702,2142,125,52,42,37,28,1049,94
285,2010,LAD,NL,80,82,0.494,49,4.12,162,6140,5426,667,1368,270,29,120,621,92,50,533,1184,0.252,0.322,0.379,0.701,2056,123,46,85,50,57,1142,92
286,2010,MIL,NL,77,85,0.475,43,4.63,162,6304,5606,750,1471,293,33,182,710,81,26,546,1216,0.262,0.335,0.424,0.759,2376,115,81,35,35,35,1220,103
287,2010,MIN,AL,94,68,0.58,36,4.82,162,6257,5568,781,1521,318,41,142,749,68,28,559,967,0.273,0.341,0.422,0.762,2347,159,39,38,53,45,1156,109
288,2010,NYM,NL,79,83,0.488,47,4.05,162,6144,5465,656,1361,266,40,128,625,130,44,502,1095,0.249,0.315,0.383,0.697,2091,101,46,74,57,53,1124,90
289,2010,NYY,AL,95,67,0.586,37,5.3,162,6379,5567,859,1485,275,32,201,823,103,30,662,1136,0.267,0.35,0.436,0.786,2427,124,73,33,44,36,1228,108
290,2010,OAK,AL,81,81,0.5,38,4.09,162,6117,5448,663,1396,276,30,109,619,156,38,527,1061,0.256,0.324,0.378,0.702,2059,129,47,43,51,16,1159,92
291,2010,PHI,NL,97,65,0.599,42,4.77,162,6291,5581,772,1451,290,34,166,736,108,21,560,1064,0.26,0.332,0.413,0.745,2307,120,63,44,43,69,1194,98
292,2010,PIT,NL,57,105,0.352,52,3.62,162,5974,5386,587,1303,276,27,126,570,87,36,463,1207,0.242,0.304,0.373,0.678,2011,119,33,58,33,28,1078,84
293,2010,SDP,NL,90,72,0.556,40,4.1,162,6148,5434,665,1338,236,24,132,630,124,50,538,1183,0.246,0.317,0.371,0.689,2018,106,50,79,46,67,1125,93
294,2010,SEA,AL,61,101,0.377,40,3.17,162,5989,5409,513,1274,227,16,101,485,142,39,459,1184,0.236,0.298,0.339,0.637,1836,110,39,42,40,33,1116,79
295,2010,SFG,NL,92,70,0.568,42,4.3,162,6143,5488,697,1411,284,30,162,660,55,32,487,1099,0.257,0.321,0.408,0.729,2241,158,50,76,41,53,1092,98
296,2010,STL,NL,86,76,0.531,42,4.54,162,6241,5542,736,1456,285,18,150,689,79,41,541,1027,0.263,0.332,0.402,0.733,2227,124,50,66,40,78,1164,100
297,2010,TBR,AL,96,66,0.593,34,4.95,162,6270,5439,802,1343,295,37,160,769,172,47,672,1292,0.247,0.333,0.403,0.736,2192,92,57,39,57,30,1152,105
298,2010,TEX,AL,90,72,0.556,39,4.86,162,6302,5635,787,1556,268,25,162,740,123,48,511,986,0.276,0.338,0.419,0.757,2360,129,45,53,54,37,1174,98
299,2010,TOR,AL,85,77,0.525,35,4.66,162,6072,5495,755,1364,319,21,257,732,58,20,471,1164,0.248,0.312,0.454,0.766,2496,114,55,16,34,25,1017,105
300,2010,WSN,NL,69,93,0.426,46,4.04,162,6100,5418,655,1355,250,31,149,634,110,41,503,1220,0.25,0.318,0.39,0.708,2114,125,60,71,47,36,1113,91